protein,importance
SERPINH1,0.042470512794849466
LDHA,0.03659919141017922
CTHRC1,0.029427625279700796
FN1,0.028395043876876618
EGFR,0.025838169458396818
P4HA1,0.023751249240749547
ABCA8,0.02173440146661237
FHL2,0.02001598757468276
PCNA,0.01886665333263743
COL1A1,0.0172099916555518
HIF1A,0.014933434717843934
MUC16,0.012539563261267725
VEGFA,0.012202275500332387
MMP9,0.011338077749570461
VIM,0.009525086218085932
CA19-9,0.008896078647489262
CDH1,0.007184704273087873
SMAD4,0.0071137524189457966
KRAS,0.006364044895874511
PROT_07390,0.0014983939860864395
PROT_07823,0.001326102561513491
PROT_08299,0.0012333187935466069
PROT_04103,0.001203082150504885
PROT_06467,0.0011924306165099776
PROT_06860,0.0011609082461682262
PROT_07594,0.0011084487637900765
PROT_05257,0.0010902940610350818
PROT_05489,0.0010745112224992452
PROT_04688,0.0010593639913547993
PROT_02899,0.0010360566201834973
PROT_06685,0.0010319873283407713
PROT_00271,0.0010303718833950997
PROT_02212,0.001010945176911792
PROT_06414,0.0009974192236664725
PROT_07515,0.0009720372091665654
PROT_00525,0.0009653065328419044
PROT_07292,0.0009590547098199372
PROT_05695,0.0009476164000568848
PROT_04446,0.0009468881719266757
PROT_05699,0.0009449919916277509
PROT_03353,0.0009411768511678435
PROT_08260,0.0009407904352820864
PROT_04893,0.0009400301153148894
PROT_01821,0.0009230712139285831
PROT_03936,0.0009170846525842748
PROT_01067,0.0009110052389748156
PROT_03542,0.0009029613738913254
PROT_07259,0.0008937764712489543
PROT_04300,0.0008859797352943493
PROT_07609,0.0008812148299331753
PROT_04128,0.0008728453429306649
PROT_02544,0.0008628955072645815
PROT_05431,0.0008517742390384385
PROT_01561,0.0008511614730914375
PROT_04871,0.0008419763572652241
PROT_00598,0.0008345721951029846
PROT_03272,0.0008294106750707999
PROT_01683,0.0008230307343164242
PROT_08627,0.0008190503290181878
PROT_02299,0.0008178589321072794
PROT_05354,0.0008099012442375476
PROT_05675,0.0008074027185821699
PROT_04388,0.0007991013955305505
PROT_00926,0.0007967784361007363
PROT_03083,0.000794789144177883
PROT_03735,0.0007911234329521097
PROT_01406,0.0007903552408649739
PROT_01887,0.0007895315489121109
PROT_08245,0.0007894478155617481
PROT_03476,0.0007891449340511045
PROT_04104,0.0007828306229756929
PROT_01500,0.0007767368898975033
PROT_02194,0.0007751423410324072
PROT_01321,0.0007741865531064829
PROT_07945,0.0007713818570870203
PROT_01270,0.0007706421102361313
PROT_02771,0.0007635157914434796
PROT_03666,0.0007615049577679403
PROT_02504,0.0007612857004004756
PROT_04218,0.0007606135610849998
PROT_05608,0.0007575524188718717
PROT_06811,0.0007541438013272597
PROT_07560,0.0007536213339175846
PROT_07297,0.0007528345626222499
PROT_05399,0.0007495008090911713
PROT_05781,0.0007489701556938489
PROT_05760,0.00074894831471436
PROT_04669,0.0007487749711752175
PROT_00574,0.0007485782018477199
PROT_00123,0.0007463681486350218
PROT_06590,0.00074528115928174
PROT_03762,0.0007450045977422282
PROT_00016,0.0007427490215147017
PROT_00329,0.0007402509212640475
PROT_01363,0.0007398957460779427
PROT_06696,0.0007385933114338417
PROT_00996,0.0007378641857889491
PROT_05624,0.0007351588436604206
PROT_05528,0.0007350526168384928
PROT_05543,0.0007323665984825249
PROT_01288,0.000731398144670184
PROT_02020,0.00072713866879336
PROT_07855,0.000726254273087669
PROT_01052,0.0007253342350722893
PROT_00983,0.0007173860852039234
PROT_00685,0.0007168338914301649
PROT_05737,0.000715737732502508
PROT_08605,0.0007116506041899205
PROT_02794,0.000710104736959547
PROT_08137,0.0007066697100258649
PROT_03497,0.0007055727227361277
PROT_03696,0.0007042732604346779
PROT_07258,0.0007023396147795613
PROT_04318,0.0006955121456206141
PROT_02209,0.0006945823563560336
PROT_06555,0.0006925201621013638
PROT_07807,0.0006911333479763242
PROT_06115,0.000687727464326864
PROT_08643,0.0006849481206220837
PROT_08190,0.0006822615956924028
PROT_02846,0.0006822257979260866
PROT_04628,0.0006812057013556934
PROT_07163,0.0006776293359943456
PROT_06637,0.0006758429062896695
PROT_06611,0.000675586038443532
PROT_08088,0.000674990020227581
PROT_04454,0.0006744085478116381
PROT_06770,0.0006740719053677541
PROT_02372,0.0006733016703681919
PROT_02762,0.0006719291207789128
PROT_07151,0.0006692946076466129
PROT_05372,0.0006689393100279881
PROT_08490,0.0006686385599505052
PROT_00064,0.0006675205533497937
PROT_07806,0.000665529147030324
PROT_06524,0.0006650368125110632
PROT_02671,0.0006639144581842018
PROT_00391,0.0006621938742696128
PROT_04557,0.0006601748719355794
PROT_01756,0.0006585459037037681
PROT_08731,0.0006583286783721283
PROT_06133,0.0006581048782517199
PROT_08817,0.0006566071587274857
PROT_04535,0.000655379667864287
PROT_04647,0.0006523430763665217
PROT_03469,0.0006521261549026047
PROT_03758,0.0006520761035746885
PROT_01296,0.0006473730732858901
PROT_04677,0.0006459090311680037
PROT_04816,0.0006445240581628174
PROT_01457,0.0006438936653859255
PROT_00745,0.0006429465256735936
PROT_05404,0.0006395015261251394
PROT_08452,0.0006378111578902826
PROT_04625,0.0006375191017137466
PROT_07097,0.0006366550836038104
PROT_04027,0.0006361722542393014
PROT_07452,0.000635273071505635
PROT_01725,0.0006350866147556937
PROT_02506,0.0006344449052194583
PROT_07865,0.0006328220596357237
PROT_04650,0.00063254453479076
PROT_03433,0.000632417759277545
PROT_04595,0.0006306003771190359
PROT_02587,0.0006300987032412619
PROT_00246,0.0006267392926751489
PROT_03180,0.0006265401799413114
PROT_03868,0.0006253188246982504
PROT_02032,0.0006238707127759773
PROT_04243,0.0006232514555318115
PROT_07296,0.0006230483612508379
PROT_00032,0.0006229538992696412
PROT_07875,0.0006226317540297848
PROT_01005,0.000622486026344015
PROT_01984,0.0006220713507896019
PROT_03325,0.0006219453900530476
PROT_00118,0.0006204610939131646
PROT_00486,0.000620120262509791
PROT_05557,0.0006179958360689708
PROT_02661,0.0006138217070573202
PROT_02431,0.0006131511454194353
PROT_04538,0.0006130736818888146
PROT_02795,0.0006118767726651215
PROT_01470,0.0006114418666745686
PROT_00020,0.0006087697017596761
PROT_04063,0.0006080782531293557
PROT_06296,0.0006071140196841233
PROT_05963,0.000603885918146264
PROT_04087,0.0006027744871689389
PROT_02423,0.0006022821373795923
PROT_00033,0.0006009043306234931
PROT_07611,0.0006000310736512864
PROT_01209,0.000599930288644277
PROT_05959,0.0005995303437628456
PROT_01732,0.0005993134125776437
PROT_02879,0.0005980174778060131
PROT_01919,0.0005979611107458293
PROT_03808,0.0005956728588459685
PROT_06345,0.0005942775071375221
PROT_06452,0.0005927532240562142
PROT_08397,0.0005925959908884312
PROT_06084,0.0005909077012283172
PROT_03490,0.0005904365704905833
PROT_04291,0.0005893037975062997
PROT_03597,0.000587508677765727
PROT_04026,0.0005872018662382623
PROT_00207,0.000584090134025657
PROT_06145,0.0005836966662666024
PROT_08302,0.0005830854410925841
PROT_02910,0.0005821588948189136
PROT_02049,0.000580870457513898
PROT_05484,0.0005805641929370066
PROT_08616,0.0005798334762072779
PROT_00456,0.0005780123563729985
PROT_07729,0.0005776949014532417
PROT_01548,0.0005776236252141731
PROT_08710,0.0005773014345638938
PROT_08548,0.0005769698877587345
PROT_05818,0.0005754045623219971
PROT_06951,0.0005707149887203141
PROT_04455,0.0005705571263172031
PROT_05448,0.0005697404199439008
PROT_07978,0.0005693160119094087
PROT_08298,0.0005674615635576552
PROT_07735,0.000566991088375815
PROT_06086,0.0005669340063744103
PROT_01527,0.0005658284852564857
PROT_07431,0.000565547188720277
PROT_05392,0.0005647034076189376
PROT_05314,0.0005633499051017805
PROT_03076,0.0005619519143291532
PROT_07338,0.0005612779670206322
PROT_04923,0.000560401564827
PROT_05305,0.000560072551225135
PROT_06663,0.0005596604439964838
PROT_02167,0.0005588035268781976
PROT_06001,0.0005578995634673032
PROT_07570,0.0005576913207887411
PROT_06142,0.0005573661733483793
PROT_00895,0.0005547998163968285
PROT_01597,0.000554798681513912
PROT_06933,0.0005543941474319226
PROT_04941,0.0005534245105634189
PROT_00276,0.0005534097888894129
PROT_04314,0.0005530493232176476
PROT_03792,0.000552082043396259
PROT_07284,0.0005509536886502132
PROT_00412,0.0005503519345703214
PROT_01687,0.000550282732632402
PROT_08738,0.0005501025124643819
PROT_01314,0.0005497351127592678
PROT_06662,0.0005475972540512832
PROT_05217,0.0005471269877707002
PROT_00226,0.0005464999094290862
PROT_06385,0.0005461539488618682
PROT_04850,0.000545877475981571
PROT_07188,0.0005458303189747679
PROT_08097,0.0005455976051781596
PROT_02301,0.0005449359243241435
PROT_00344,0.0005427477432095749
PROT_06293,0.0005420647714593223
PROT_05001,0.0005415691205727216
PROT_01511,0.0005409485472747051
PROT_08460,0.0005409416652860604
PROT_04036,0.0005399783072413094
PROT_06602,0.0005387665275106304
PROT_06368,0.0005378093544590972
PROT_00720,0.0005373855482895641
PROT_03615,0.0005369268072215871
PROT_02090,0.0005368838876366051
PROT_05824,0.0005368808758396637
PROT_01094,0.0005358686996573114
PROT_06128,0.0005352161919629996
PROT_00500,0.0005339177304062581
PROT_00169,0.0005335602183042114
PROT_01009,0.0005334875994210148
PROT_06737,0.0005332590615173368
PROT_02290,0.0005324619679750604
PROT_02554,0.0005323575577711032
PROT_07995,0.0005321532956629536
PROT_04715,0.0005320162270475838
PROT_07291,0.000531842032252611
PROT_06147,0.0005317517929644558
PROT_02717,0.000531747398789584
PROT_00150,0.0005316882520513434
PROT_03599,0.0005316120931202715
PROT_03953,0.000530156676643578
PROT_03436,0.0005297914407649833
PROT_03724,0.0005283644002779223
PROT_02330,0.0005281989420770711
PROT_07698,0.0005279580183748817
PROT_06966,0.0005279218956994355
PROT_06647,0.0005272661884372611
PROT_07553,0.0005269634194889531
PROT_01140,0.0005268662887345045
PROT_05422,0.0005268325004692877
PROT_04370,0.0005266950900635098
PROT_06901,0.0005244811720483847
PROT_04275,0.0005244783548660478
PROT_04449,0.0005234756071807989
PROT_02019,0.0005230825167239545
PROT_03157,0.0005228028953637877
PROT_06795,0.0005222050844311022
PROT_03040,0.0005216422289737117
PROT_01131,0.0005210035738207334
PROT_02541,0.0005208254894274848
PROT_00985,0.000520812445046732
PROT_02119,0.0005205605968632956
PROT_03729,0.0005201128550742801
PROT_02681,0.0005199932089059607
PROT_00939,0.0005193671286325261
PROT_05693,0.0005191769058030135
PROT_08001,0.0005190379835063486
PROT_04896,0.0005182078143119468
PROT_07982,0.0005142873310043798
PROT_08286,0.0005134585377102802
PROT_04932,0.0005134308007375206
PROT_04908,0.0005120433922624209
PROT_02353,0.000511856087397821
PROT_04424,0.0005114421278231507
PROT_03120,0.0005111503364101989
PROT_07312,0.000510467835325619
PROT_05506,0.0005104621960246404
PROT_08325,0.0005094996860902445
PROT_00406,0.0005080640426089148
PROT_05968,0.0005073681510844882
PROT_00673,0.0005063326762498374
PROT_06439,0.0005057376865750594
PROT_08176,0.0005055128659209371
PROT_04746,0.000505100647124136
PROT_06507,0.0005048905674385241
PROT_04076,0.000504536017462758
PROT_01235,0.0005040935334100314
PROT_08475,0.0005035721039129574
PROT_06607,0.0005030351828194718
PROT_07541,0.0005030188545271636
PROT_05721,0.000502904393638902
PROT_02990,0.0005028170493966967
PROT_00198,0.0005016034628965844
PROT_06092,0.0005014743743037176
PROT_03606,0.0005012247174024767
PROT_03239,0.0005011267231621353
PROT_06730,0.0005005442999058415
PROT_05705,0.0004995547266000194
PROT_07082,0.0004981629282972174
PROT_04552,0.0004980523011700556
PROT_05840,0.0004977425437685755
PROT_03873,0.0004964630503306638
PROT_07100,0.0004963776316465093
PROT_06750,0.000495740113403062
PROT_03676,0.0004955374438489016
PROT_07790,0.000494005705667632
PROT_07377,0.0004923647575278697
PROT_02142,0.0004914917459367031
PROT_00830,0.0004906293073700369
PROT_07109,0.000490376105529029
PROT_07193,0.0004902543078142217
PROT_07001,0.000489541707948532
PROT_01598,0.0004892202992767929
PROT_01921,0.000489171966217527
PROT_00562,0.0004888645304648565
PROT_02276,0.0004885721903063335
PROT_04042,0.0004884734105713235
PROT_05159,0.0004857860586912738
PROT_08014,0.0004857619829736017
PROT_01137,0.0004856120905990422
PROT_06446,0.0004855410332789702
PROT_02033,0.00048413873597079186
PROT_07498,0.00048403677419365815
PROT_01780,0.0004838798766329444
PROT_05850,0.0004838766936161725
PROT_04855,0.00048377325017754454
PROT_06202,0.00048297976759116557
PROT_05890,0.0004829166000226635
PROT_00872,0.0004821122884297854
PROT_03981,0.0004812602126149418
PROT_08471,0.00048114320577022097
PROT_05842,0.00048006949276358445
PROT_07015,0.00047981947421666207
PROT_02839,0.000478787353216011
PROT_04710,0.0004787479978931388
PROT_07861,0.00047868580445268704
PROT_07007,0.0004784627588788984
PROT_06073,0.0004782822968272816
PROT_06048,0.00047797085961915297
PROT_07972,0.00047788932355169705
PROT_01283,0.0004778581087826607
PROT_03681,0.0004775801826035647
PROT_00797,0.00047660467526791005
PROT_08814,0.0004763619771554574
PROT_02023,0.0004758307827722847
PROT_01238,0.00047514485806596387
PROT_03191,0.000474375432138676
PROT_03351,0.00047409092266952486
PROT_05549,0.0004739748990307252
PROT_07091,0.0004735685715083622
PROT_04479,0.00047320808726408693
PROT_05799,0.00047317360969475255
PROT_05353,0.00047290654811728375
PROT_07976,0.0004726953565097908
PROT_00477,0.00047264512369649873
PROT_07906,0.00047223290510164164
PROT_00212,0.00047201068203870305
PROT_03065,0.0004709322903968845
PROT_07614,0.0004703206454213781
PROT_00352,0.00047028090192903797
PROT_06129,0.0004695897117874941
PROT_06240,0.00046934836571453593
PROT_06861,0.00046926932857552727
PROT_00355,0.00046860488470028505
PROT_02410,0.0004684971152802228
PROT_04830,0.00046831540312726
PROT_01643,0.0004678989449012329
PROT_07118,0.0004676881430214354
PROT_03057,0.0004674774638447234
PROT_00959,0.0004669516817753051
PROT_08794,0.000466598452385171
PROT_07329,0.00046641242916650857
PROT_04410,0.00046622555544666546
PROT_07014,0.0004656714816179523
PROT_07814,0.000465651673252799
PROT_04979,0.000464655402306178
PROT_05586,0.0004644410852862202
PROT_08392,0.00046328806743702305
PROT_01267,0.00046320273532304726
PROT_03620,0.0004627643349638888
PROT_04387,0.0004612294212417219
PROT_07829,0.00046069652622487956
PROT_07318,0.00045997148035389874
PROT_04998,0.0004598913189101389
PROT_03949,0.00045961315198718303
PROT_00300,0.000459330918668844
PROT_00414,0.0004588256207787948
PROT_05592,0.0004587342414044822
PROT_02214,0.0004583422604203874
PROT_04345,0.0004581528180806957
PROT_01416,0.0004578389666711393
PROT_00015,0.00045733329451448006
PROT_01549,0.0004572702209538171
PROT_01796,0.0004567146654191202
PROT_07101,0.00045652091588588203
PROT_05782,0.00045601599898239956
PROT_04596,0.00045576142945540445
PROT_08590,0.00045511194666531874
PROT_08679,0.00045509805521725
PROT_03222,0.0004547557357721658
PROT_05960,0.00045458187028422377
PROT_03862,0.00045395769095213487
PROT_06252,0.0004534351641119641
PROT_03379,0.00045339841583660905
PROT_01537,0.00045329403612951206
PROT_03370,0.00045321945695155416
PROT_07944,0.0004531813208940714
PROT_02261,0.00045305151681099574
PROT_03787,0.0004521112792183746
PROT_00877,0.0004520974148767503
PROT_08381,0.0004517510238837888
PROT_01577,0.0004516479934680384
PROT_01199,0.00045157187787583957
PROT_05916,0.00045125653170770627
PROT_02875,0.0004511221572789055
PROT_06156,0.00045086299451397704
PROT_02868,0.0004504051850755715
PROT_05094,0.00045032922434818724
PROT_04565,0.0004502615835295473
PROT_07847,0.0004493372069262911
PROT_04516,0.0004491172867304739
PROT_06369,0.00044753057042025033
PROT_03847,0.0004474340212680905
PROT_02337,0.0004470874191378275
PROT_01104,0.0004467983973700573
PROT_04322,0.0004464514200228625
PROT_08686,0.00044539714579619645
PROT_08553,0.0004451328728229137
PROT_01307,0.00044510170375081147
PROT_03189,0.00044340663021947847
PROT_08700,0.000443404935971623
PROT_03389,0.0004433654351663307
PROT_07821,0.00044306053308205447
PROT_08018,0.0004429052684004652
PROT_00560,0.0004428201656753853
PROT_05853,0.0004420877741063441
PROT_01763,0.0004420002991450975
PROT_05417,0.00044135384951236997
PROT_05265,0.0004404828092203115
PROT_03548,0.0004400231675867413
PROT_04832,0.0004394382381573239
PROT_06502,0.00043900168702770773
PROT_04188,0.0004384849216373127
PROT_02168,0.00043818474311291044
PROT_01769,0.0004381422667644076
PROT_03680,0.00043812628243338164
PROT_07263,0.0004372981320561814
PROT_06157,0.00043723126189495603
PROT_01369,0.00043721208913763095
PROT_00517,0.0004365757539383708
PROT_02375,0.0004363576191490595
PROT_01904,0.0004353977824571298
PROT_07970,0.00043498436255747175
PROT_06068,0.00043495162460514564
PROT_01374,0.0004335626511705987
PROT_04474,0.000433457121049533
PROT_02395,0.000432693279129695
PROT_08456,0.00043265625198904894
PROT_05451,0.0004325297507429395
PROT_04574,0.00043219727495414197
PROT_02259,0.00043216197233601696
PROT_01096,0.000432081710044908
PROT_07062,0.0004308112562372768
PROT_01030,0.00043056178969041515
PROT_01881,0.00043026957254355347
PROT_04084,0.00043019661436590547
PROT_02485,0.0004299252899796979
PROT_03192,0.00042932273240896463
PROT_05816,0.00042919833075229886
PROT_08391,0.00042911295238057116
PROT_02083,0.00042874510937367864
PROT_03332,0.0004286936022116251
PROT_08333,0.00042815386570724874
PROT_06199,0.0004277720807984264
PROT_05252,0.0004277225889995408
PROT_04962,0.0004277056709573411
PROT_07214,0.00042767475584437424
PROT_01273,0.0004274154818336386
PROT_07862,0.0004272955011176471
PROT_05419,0.00042687129437670693
PROT_05227,0.0004262719146533297
PROT_03604,0.00042618292604072305
PROT_05267,0.000425546436509881
PROT_05465,0.00042529052358893056
PROT_00549,0.0004250252433687007
PROT_02307,0.00042477899461768406
PROT_08337,0.0004246799561843297
PROT_00055,0.0004236074473889673
PROT_07838,0.000423395476904784
PROT_04556,0.0004225362932963316
PROT_07625,0.0004222649918602973
PROT_08062,0.0004219367801995691
PROT_08059,0.0004213197615294822
PROT_07362,0.00042128456931010553
PROT_02129,0.00042116463252096456
PROT_06824,0.0004207772911855118
PROT_01249,0.00042054471449311915
PROT_04461,0.0004204879020741561
PROT_07654,0.00042043830982264516
PROT_02803,0.00042031788050063965
PROT_01217,0.0004200982573444915
PROT_00046,0.000419938165798925
PROT_07519,0.0004173735534448969
PROT_03256,0.00041697312134719554
PROT_04869,0.0004169181919848149
PROT_02894,0.0004165871029773801
PROT_03687,0.00041590955427618425
PROT_03512,0.00041525340970580165
PROT_01714,0.00041518383074630536
PROT_08081,0.00041481938707282185
PROT_05899,0.00041479388357078484
PROT_02059,0.00041474917696955024
PROT_00542,0.0004144704259255423
PROT_01447,0.0004141210425349509
PROT_00145,0.0004138183261656085
PROT_07749,0.00041330286413130134
PROT_01672,0.000413261276217129
PROT_08570,0.0004131140248481303
PROT_02745,0.00041271649282563255
PROT_02514,0.0004124950580167435
PROT_08545,0.0004124076199576682
PROT_05681,0.000412229411427937
PROT_05007,0.00041202436221086393
PROT_02116,0.00041180848508676123
PROT_08448,0.0004116665711178009
PROT_02953,0.00041111738273976427
PROT_00274,0.00041110940665425784
PROT_06231,0.0004109085506971533
PROT_04226,0.00041037091893852214
PROT_01871,0.0004102406778130111
PROT_00202,0.00040988076016720734
PROT_03414,0.00040973042646837393
PROT_00851,0.0004097182387654407
PROT_07336,0.0004096922363880842
PROT_00974,0.00040789354668856756
PROT_03759,0.0004076884938948564
PROT_02128,0.0004075975888491975
PROT_06656,0.00040742080256295676
PROT_05544,0.0004070339851458693
PROT_05411,0.0004059840316464599
PROT_05054,0.0004055778920249669
PROT_08724,0.00040555842534756683
PROT_01303,0.00040515332277152804
PROT_00393,0.00040511893516622006
PROT_06335,0.00040483540944083446
PROT_04579,0.00040483262032992836
PROT_03260,0.000404773894713179
PROT_05151,0.00040465180766867756
PROT_03022,0.00040459905421336845
PROT_06856,0.00040458012014169063
PROT_03737,0.00040452783159276943
PROT_06821,0.0004041389423118318
PROT_05047,0.0004040070177422409
PROT_01168,0.0004035521675752502
PROT_02857,0.00040317433821079874
PROT_01860,0.0004029678294607779
PROT_05463,0.00040289183221916424
PROT_03322,0.0004028255055911126
PROT_03211,0.0004025695947197753
PROT_04568,0.00040241514936460303
PROT_04482,0.00040221835472381573
PROT_06972,0.0004020771457508568
PROT_01124,0.00040205727525365395
PROT_03116,0.00040151285560422714
PROT_08264,0.00040143767458618665
PROT_00497,0.00040141919459285634
PROT_01335,0.00040110932958254704
PROT_06072,0.0004010136719866295
PROT_02599,0.00040059766536530125
PROT_05946,0.0004005922652858813
PROT_00719,0.0004005389329456466
PROT_01917,0.00040042107176916205
PROT_05030,0.00040032964964046875
PROT_08644,0.0004002488240843115
PROT_04439,0.0004000599275913375
PROT_00160,0.00039987466812654117
PROT_01115,0.0003996979295264805
PROT_05100,0.000399654494866508
PROT_02315,0.0003995281736168184
PROT_06523,0.00039893434973493376
PROT_03156,0.0003987533428543328
PROT_04627,0.00039837972847292426
PROT_05623,0.0003982516860500888
PROT_06890,0.00039782019650663893
PROT_02972,0.00039776063910215595
PROT_02386,0.0003976420806342531
PROT_07231,0.0003971916308432183
PROT_05786,0.00039710481893518774
PROT_02005,0.00039672670728815314
PROT_06501,0.00039653905810703834
PROT_08694,0.00039649765504178215
PROT_00076,0.00039649153527370395
PROT_03537,0.00039627319425709255
PROT_07111,0.00039600382911743706
PROT_03041,0.000395810579985007
PROT_00093,0.0003945836066351095
PROT_04972,0.0003940403192106487
PROT_07874,0.00039334987803959343
PROT_05266,0.0003932611297381752
PROT_03651,0.0003927937834336296
PROT_02161,0.00039272216297318846
PROT_07501,0.0003927068607224571
PROT_04599,0.0003926737114602549
PROT_08720,0.00039244322307311263
PROT_03938,0.00039180861715846447
PROT_08661,0.00039153544328172116
PROT_00332,0.00039126827546752
PROT_01128,0.0003910042337478327
PROT_05512,0.00039084603815903515
PROT_02313,0.0003908347765809256
PROT_01505,0.00039068488512142453
PROT_01945,0.00039061868274101495
PROT_05216,0.0003903943503794923
PROT_02552,0.0003903436954738986
PROT_07525,0.00039013152678824
PROT_04319,0.00038944895768036283
PROT_02757,0.0003886938128352302
PROT_03159,0.00038849303621358547
PROT_04276,0.0003879574956488939
PROT_05820,0.0003875714507720357
PROT_05248,0.00038675737226937163
PROT_02578,0.0003864347701627653
PROT_01754,0.0003859352145433053
PROT_04551,0.0003858631911150916
PROT_04755,0.0003855389861192691
PROT_04741,0.00038538846472170693
PROT_00868,0.00038533009237847035
PROT_00382,0.0003851169545442468
PROT_01501,0.00038507200715275953
PROT_01771,0.00038490130301565255
PROT_04441,0.00038479834178469137
PROT_00677,0.0003845070740257689
PROT_01824,0.0003836661851135951
PROT_07480,0.00038341710554382465
PROT_07116,0.0003833544517491968
PROT_02634,0.00038307860088078916
PROT_06723,0.00038306141305440033
PROT_01783,0.0003830166560343377
PROT_00861,0.0003829458286176517
PROT_08735,0.00038163991503824106
PROT_02758,0.00038153631750427187
PROT_06876,0.0003813380141600426
PROT_02888,0.0003811063037942409
PROT_00639,0.00038060649758098474
PROT_02016,0.00038046641031326496
PROT_03864,0.0003804246812951037
PROT_07412,0.0003800754919157561
PROT_07102,0.0003787339087942464
PROT_05261,0.000378498229527593
PROT_02978,0.000378410284126146
PROT_06103,0.00037793943589081014
PROT_00407,0.00037701521514848737
PROT_08108,0.0003765254044272498
PROT_06195,0.00037620265021938334
PROT_01533,0.00037558868242798104
PROT_05861,0.0003750443050866241
PROT_01532,0.0003749712104023425
PROT_08667,0.00037497064927969167
PROT_02101,0.0003745153867826339
PROT_01065,0.0003744811942728878
PROT_08707,0.0003744413884669363
PROT_04219,0.00037430164878586754
PROT_04843,0.00037419333863580943
PROT_05461,0.0003735930916885597
PROT_07779,0.0003731608295500337
PROT_07662,0.0003731333367002887
PROT_01453,0.0003730604091105491
PROT_02955,0.0003730057832318139
PROT_07724,0.00037253332819657
PROT_05563,0.00037214457233868765
PROT_06817,0.0003719776724793085
PROT_03112,0.0003717380704305721
PROT_01578,0.0003709270928294394
PROT_07065,0.00037039523152555543
PROT_02816,0.00037002598518730794
PROT_05872,0.0003697450252396184
PROT_03748,0.00036938423923845413
PROT_01207,0.00036925120744747637
PROT_06586,0.0003688253089479233
PROT_00221,0.0003688167925955339
PROT_06585,0.0003687400685799481
PROT_08006,0.0003682211479537866
PROT_08109,0.00036794392277806416
PROT_01606,0.00036768200110038224
PROT_08155,0.0003668913702068643
PROT_05907,0.0003665638330938634
PROT_04878,0.0003664610544845604
PROT_06528,0.0003663704558529543
PROT_03393,0.00036605034814896184
PROT_04982,0.00036580306098816086
PROT_05251,0.0003655246614738515
PROT_02379,0.00036541359936775257
PROT_04420,0.0003651527218173368
PROT_08210,0.00036489708455123595
PROT_03539,0.00036489505124256933
PROT_03507,0.00036476535083570036
PROT_05437,0.00036391533990854475
PROT_07403,0.00036383350637896045
PROT_06964,0.00036362894775437824
PROT_02348,0.00036288631689760504
PROT_02230,0.00036252877126734533
PROT_01619,0.00036228732960905444
PROT_00195,0.00036225120229718894
PROT_01773,0.00036216812484924526
PROT_06017,0.0003618889981892243
PROT_03259,0.0003618421964871803
PROT_00455,0.0003615967287318386
PROT_07502,0.00036125190097212496
PROT_01022,0.00036091852037878884
PROT_00732,0.00036088732755097116
PROT_02006,0.0003607072423282358
PROT_02401,0.0003603548370088605
PROT_04401,0.0003602156852977456
PROT_00213,0.0003598252512202436
PROT_08312,0.00035980191658348905
PROT_02192,0.0003593678945242679
PROT_02321,0.000359223834199487
PROT_00256,0.0003587620943575891
PROT_03776,0.0003586931231110733
PROT_02018,0.0003586426888517007
PROT_06438,0.00035829630709784284
PROT_00214,0.00035825007299535516
PROT_07471,0.00035813567206179487
PROT_03416,0.0003580975214223895
PROT_07626,0.00035750172453375697
PROT_01242,0.00035731303309351073
PROT_02937,0.00035719994484891666
PROT_08756,0.00035718913926525726
PROT_04099,0.0003568021062175363
PROT_08612,0.000356584076994611
PROT_01403,0.0003564045628591432
PROT_07229,0.0003562725513408675
PROT_00027,0.0003562090018350334
PROT_08806,0.0003538072558244556
PROT_01278,0.0003537851727782156
PROT_01953,0.00035303332031274724
PROT_07549,0.0003529464319241569
PROT_03727,0.00035250636759122524
PROT_00257,0.00035221657222088426
PROT_04397,0.0003521333818631359
PROT_06598,0.0003519490937625929
PROT_03248,0.00035180948429801344
PROT_04571,0.00035154928197054895
PROT_02398,0.00035150514175612214
PROT_00000,0.00035138067977788084
PROT_08250,0.0003506793178222728
PROT_00440,0.0003506634107885509
PROT_07300,0.0003500520939852406
PROT_04135,0.00034989063999498767
PROT_05147,0.0003498418735253301
PROT_03447,0.0003497647466545627
PROT_02001,0.00034969751697546146
PROT_04078,0.00034956756063943116
PROT_07265,0.0003495452510579994
PROT_04834,0.0003495267114507844
PROT_03860,0.00034934786835696854
PROT_03986,0.0003492035773704448
PROT_02878,0.00034918866558907133
PROT_06238,0.00034905144201524007
PROT_02658,0.0003482691009165647
PROT_05486,0.0003476016682865411
PROT_00196,0.0003474148744440135
PROT_07068,0.0003473630223832346
PROT_03195,0.0003471803188835297
PROT_08373,0.00034698253362354197
PROT_05583,0.00034686868091170485
PROT_08485,0.00034681744090728217
PROT_08230,0.000346519720713598
PROT_05873,0.00034650404125949883
PROT_01517,0.00034618102570168957
PROT_02682,0.00034613792512207725
PROT_05192,0.00034578238654677825
PROT_02159,0.0003457055103060843
PROT_07279,0.00034537490567546384
PROT_07233,0.00034496233675450794
PROT_03745,0.0003445272085506526
PROT_05777,0.0003444703417569301
PROT_03861,0.0003444124939593916
PROT_04030,0.00034384709938721893
PROT_00907,0.0003434239290077852
PROT_06081,0.00034266386117623584
PROT_08099,0.00034263549265405713
PROT_00349,0.00034227787954661934
PROT_03799,0.000342040504222171
PROT_00126,0.00034203670213118267
PROT_06943,0.00034175185307217334
PROT_00472,0.00034144772849317115
PROT_07826,0.0003412279451991943
PROT_01480,0.00034091261002713494
PROT_08262,0.00034072137833708843
PROT_00775,0.0003401564605608573
PROT_06963,0.0003400558620925162
PROT_08350,0.00034003083638056627
PROT_01700,0.00033979725966408453
PROT_03328,0.0003395662597856741
PROT_04988,0.0003395257199964148
PROT_04041,0.00033948746134785626
PROT_02123,0.0003394338059149034
PROT_02813,0.00033918365757942836
PROT_06888,0.0003388945869742111
PROT_01594,0.000338762396952378
PROT_02632,0.00033873358156367707
PROT_02095,0.0003385501041548022
PROT_04882,0.00033818755316294334
PROT_06813,0.0003381456665987876
PROT_01108,0.00033778392060411516
PROT_03865,0.00033775966890560997
PROT_03219,0.00033741726016959145
PROT_03275,0.0003374051635506649
PROT_06183,0.0003373878435671021
PROT_03741,0.0003373614600560122
PROT_03897,0.00033694215484674156
PROT_05979,0.0003359060498719789
PROT_01496,0.0003350060045492231
PROT_04750,0.0003348920801279926
PROT_02821,0.000334640079388012
PROT_05788,0.0003343190872518835
PROT_06351,0.000334107588229385
PROT_00211,0.00033277710780302397
PROT_05709,0.0003326071848679586
PROT_08169,0.00033254634401962217
PROT_04995,0.00033253962655823766
PROT_05271,0.0003322481736241579
PROT_06643,0.0003319857297020072
PROT_08340,0.00033176607031128354
PROT_07948,0.0003316354312820874
PROT_05329,0.00033153798114963465
PROT_05452,0.00033122910524750374
PROT_04313,0.00033072439376924796
PROT_02393,0.0003303455590996517
PROT_02802,0.000330249142867596
PROT_04157,0.0003296913975519735
PROT_00930,0.00032966016449272756
PROT_05683,0.00032887911818695113
PROT_00225,0.00032884296820303845
PROT_07559,0.0003285544163448948
PROT_02267,0.0003285101308181134
PROT_06453,0.0003279310796600812
PROT_02210,0.0003277116899609812
PROT_07351,0.00032760415894762704
PROT_05215,0.0003275451473080662
PROT_05006,0.00032728307238278666
PROT_02047,0.0003272039479676976
PROT_06187,0.00032679126028397335
PROT_03422,0.000326765379848153
PROT_07788,0.0003263337663868629
PROT_07391,0.00032619835603329533
PROT_01736,0.000326146958081557
PROT_01305,0.0003256730194109914
PROT_04468,0.00032537793773954884
PROT_01779,0.00032533355302550215
PROT_02611,0.0003251156880719244
PROT_05202,0.00032497201528337627
PROT_03347,0.0003249322715068308
PROT_06912,0.0003248069861542709
PROT_03124,0.0003247789175918284
PROT_01487,0.00032438980198794764
PROT_02394,0.00032437630759329597
PROT_02561,0.0003240661130593212
PROT_07620,0.00032379550429137573
PROT_01981,0.0003237070305871467
PROT_03086,0.0003233995911596154
PROT_02327,0.00032303770621458744
PROT_04077,0.0003229604850133699
PROT_08249,0.00032224844545904115
PROT_08222,0.00032216441889412604
PROT_01481,0.00032210583819493137
PROT_05552,0.00032170528825015257
PROT_01164,0.0003208388352027313
PROT_02996,0.0003207734973185154
PROT_00573,0.0003195439034958485
PROT_05386,0.0003186805898712288
PROT_03950,0.000318383175255894
PROT_05514,0.00031834550841249715
PROT_08467,0.0003180349811396311
PROT_00752,0.000317804110585617
PROT_06772,0.0003176447826191938
PROT_01787,0.0003168748256700467
PROT_04709,0.00031647735114261765
PROT_08181,0.0003162444773116097
PROT_07831,0.00031616840389154084
PROT_06329,0.0003161247086752207
PROT_04811,0.0003160215165260607
PROT_02989,0.00031555947606567617
PROT_04859,0.00031533673421089216
PROT_00487,0.0003152831330446659
PROT_04288,0.00031511144785605104
PROT_03405,0.0003151004245439822
PROT_07561,0.00031496825972371904
PROT_07766,0.00031448419074582134
PROT_04652,0.00031404168995822297
PROT_03210,0.0003140371762655247
PROT_03943,0.00031403429587005365
PROT_07160,0.00031399160101074037
PROT_07894,0.0003135434517506998
PROT_07932,0.00031332744733723276
PROT_08348,0.00031331329512089133
PROT_06420,0.0003131466419035916
PROT_01370,0.00031275371422327534
PROT_05125,0.00031265509671572436
PROT_02068,0.000312511674940686
PROT_05304,0.00031247920191030467
PROT_03718,0.00031247196394715044
PROT_06689,0.0003123124333126867
PROT_02971,0.00031201232903740514
PROT_00988,0.0003120078245986543
PROT_02247,0.0003117178167825609
PROT_04939,0.0003115047994160881
PROT_04378,0.00031135662469619337
PROT_01717,0.0003109992238341208
PROT_03224,0.00030907279037018724
PROT_03624,0.0003087368872892126
PROT_01678,0.0003085442440450835
PROT_08437,0.000307978210932673
PROT_08020,0.00030771616040586386
PROT_04184,0.0003073533170294566
PROT_00301,0.00030725493047347954
PROT_07566,0.00030698928595901864
PROT_07647,0.0003068986387243313
PROT_07775,0.00030648484187919276
PROT_05349,0.00030648040411646927
PROT_04744,0.0003064442593180264
PROT_07547,0.0003064386893638617
PROT_04125,0.0003062770976592638
PROT_04682,0.00030597357989816456
PROT_02303,0.0003055385146258206
PROT_07871,0.0003053754916550594
PROT_01767,0.00030471803044172167
PROT_06224,0.0003047154568778902
PROT_01885,0.0003038937231403645
PROT_06500,0.000303758268291027
PROT_05508,0.0003037352137586574
PROT_07569,0.0003037295614649708
PROT_03103,0.00030368697368829677
PROT_01031,0.00030367906185996366
PROT_08737,0.000303450355555699
PROT_01333,0.00030334887681810597
PROT_07009,0.0003031842953117333
PROT_03898,0.0003017933563946727
PROT_04161,0.0003015226341018893
PROT_08468,0.0003014980464975031
PROT_03348,0.0003014815693990774
PROT_01654,0.00030119808622482754
PROT_08287,0.00030069417938684767
PROT_08343,0.0003000342569314777
PROT_05490,0.00029986844911833856
PROT_08709,0.0002992204872397817
PROT_06980,0.00029916386981152334
PROT_04841,0.00029904828385436325
PROT_05072,0.0002990430657647628
PROT_06854,0.00029897095560173144
PROT_03203,0.00029892655990944745
PROT_03046,0.0002988787163208402
PROT_02897,0.0002988729193981308
PROT_07622,0.00029875677193598704
PROT_01472,0.0002986685281063456
PROT_02525,0.0002984373159600994
PROT_08699,0.00029841158956735257
PROT_02796,0.00029837231063165693
PROT_06323,0.0002982032875119769
PROT_00186,0.0002981642939780537
PROT_00547,0.00029796200834487463
PROT_01311,0.00029792016053568676
PROT_04047,0.0002978825788980959
PROT_06738,0.0002974134077544235
PROT_05242,0.0002973986277801852
PROT_04254,0.0002973115653385268
PROT_05229,0.0002972327513493808
PROT_02420,0.00029685475016134557
PROT_07751,0.0002968515341014468
PROT_08550,0.0002967822871416968
PROT_00171,0.00029653365346931894
PROT_04202,0.0002962230470629193
PROT_07438,0.00029603134069903033
PROT_00614,0.0002957923772722785
PROT_03851,0.00029545904106699906
PROT_04476,0.0002949160705089224
PROT_03205,0.00029480227198368903
PROT_02991,0.00029439246288387645
PROT_03674,0.000294385761053095
PROT_07222,0.00029427092405469416
PROT_02607,0.0002941829949466131
PROT_07531,0.000293937471058113
PROT_01777,0.0002931294259948337
PROT_07455,0.0002930698405070179
PROT_06196,0.0002930332428339222
PROT_01064,0.00029229336632004
PROT_00184,0.0002920385688325798
PROT_08306,0.0002918222452826264
PROT_00408,0.0002915805975230223
PROT_02478,0.00029156973534635264
PROT_01574,0.00029151610921146227
PROT_08703,0.0002914731953652498
PROT_06917,0.0002913287787993929
PROT_01774,0.0002907630031023412
PROT_00993,0.00029032336922142735
PROT_02653,0.0002898537443571518
PROT_01443,0.0002892791804148085
PROT_03215,0.00028914687066914
PROT_03365,0.00028912713536101154
PROT_05380,0.000288672353817694
PROT_06882,0.0002883546199283981
PROT_05213,0.00028757894417165127
PROT_06816,0.00028730546225881723
PROT_05141,0.00028719596898949375
PROT_03313,0.0002869377008598937
PROT_01905,0.00028673765077998504
PROT_03955,0.0002866700088854893
PROT_01819,0.00028618356623667053
PROT_02617,0.00028607777036436223
PROT_07837,0.00028551892855006546
PROT_04223,0.000284940372192744
PROT_08728,0.00028482200524198085
PROT_02492,0.0002847137617869578
PROT_04163,0.00028450236476870315
PROT_05131,0.00028447170953057016
PROT_07942,0.00028410113315574894
PROT_04306,0.0002831926574092537
PROT_03869,0.0002831604783448226
PROT_01722,0.00028294544478066607
PROT_01176,0.00028251744136264357
PROT_07053,0.0002823119629170943
PROT_03793,0.0002822624585534046
PROT_08042,0.0002820855243887183
PROT_04438,0.00028203181928678427
PROT_08496,0.00028161564852997607
PROT_05696,0.00028125921886933434
PROT_01951,0.00028123505485815086
PROT_00036,0.0002808007869042602
PROT_08713,0.00028069552254204357
PROT_05443,0.0002806913250543828
PROT_04620,0.000280402823479575
PROT_06070,0.0002798352450263067
PROT_04899,0.0002797278540064247
PROT_08805,0.0002792969193682128
PROT_01277,0.00027890001125041266
PROT_08584,0.0002788527244588815
PROT_03506,0.00027879840620448457
PROT_05718,0.0002786475803220766
PROT_07763,0.0002784713256048827
PROT_01648,0.0002782250995283417
PROT_02831,0.0002782076998488984
PROT_01637,0.00027817889853720565
PROT_07049,0.0002781168510618283
PROT_03420,0.000277864670223104
PROT_07924,0.00027753832494337594
PROT_03333,0.0002764599707442862
PROT_05174,0.0002760459342711065
PROT_05678,0.0002757774407771747
PROT_01696,0.0002755940959460136
PROT_00021,0.00027549195154263965
PROT_05367,0.000275390288453293
PROT_03475,0.00027525558045704595
PROT_08123,0.00027523575556027914
PROT_08145,0.0002748909127980124
PROT_05558,0.0002748483042632015
PROT_05731,0.0002743343613964645
PROT_06823,0.00027408162354477204
PROT_03252,0.000274075912744253
PROT_05176,0.000273383332915276
PROT_08035,0.00027292884758939366
PROT_02513,0.0002728735863751038
PROT_03115,0.00027253068283807785
PROT_05956,0.00027250830969039694
PROT_08125,0.0002724266785398008
PROT_01203,0.0002723774788935011
PROT_01334,0.00027196082023649246
PROT_02218,0.00027192733490570526
PROT_01494,0.000271869153197122
PROT_08675,0.0002714006092835185
PROT_07918,0.00027119483598082124
PROT_03000,0.00027090205839294196
PROT_04649,0.0002708709725277414
PROT_05867,0.00027064953477241215
PROT_05507,0.00027040742188885313
PROT_00494,0.0002696284974957508
PROT_01516,0.0002693641861648328
PROT_01253,0.0002685507652796315
PROT_02631,0.00026841639465356894
PROT_00899,0.0002678239933498434
PROT_06991,0.0002676851599435948
PROT_05854,0.0002671795057258365
PROT_00897,0.0002670820268726019
PROT_05378,0.0002670799252768865
PROT_03655,0.00026707056049352746
PROT_07612,0.00026701263949875404
PROT_01208,0.00026684623481907505
PROT_08810,0.00026669606977693073
PROT_04812,0.0002664699183653658
PROT_05122,0.00026645451521207874
PROT_05196,0.0002661493324755377
PROT_04840,0.00026579584308564235
PROT_04310,0.0002657879523732516
PROT_07904,0.00026551012445255346
PROT_01706,0.00026536186629838566
PROT_01320,0.00026532789426173643
PROT_01620,0.0002652967458993867
PROT_07946,0.00026515632782818393
PROT_02862,0.0002647745984871248
PROT_03094,0.00026473230294834805
PROT_05876,0.00026463463335267697
PROT_01883,0.0002645743946280124
PROT_06112,0.000264422524181893
PROT_00841,0.0002642688079203779
PROT_07816,0.0002641642446111284
PROT_07702,0.00026404430975175
PROT_06801,0.00026394089554870415
PROT_04009,0.0002631607486593909
PROT_01171,0.0002631159536716067
PROT_01876,0.00026207143955346926
PROT_06660,0.00026145129789183067
PROT_04618,0.0002610939939322912
PROT_06709,0.0002609830816467148
PROT_00765,0.00026072007950459283
PROT_05264,0.0002605578658526453
PROT_03408,0.0002603412466829187
PROT_07792,0.00026019088061964647
PROT_04061,0.00025967442529704963
PROT_05497,0.0002594283719919529
PROT_07688,0.0002591230306568088
PROT_05097,0.0002589865582371976
PROT_03297,0.0002588225973779037
PROT_03662,0.0002586836296659172
PROT_06804,0.0002575134562651674
PROT_04173,0.0002573953522296222
PROT_00057,0.00025738389944761526
PROT_08359,0.0002572520816539046
PROT_07026,0.0002570699053582947
PROT_05668,0.0002569891349698788
PROT_06175,0.0002566444053073826
PROT_08507,0.00025637608439898265
PROT_03827,0.00025628867679007507
PROT_01866,0.00025585956294486763
PROT_08266,0.00025561661301290575
PROT_06616,0.00025540457182274756
PROT_06003,0.00025503401593332265
PROT_05708,0.00025478525427069466
PROT_01552,0.00025468175227405575
PROT_08718,0.0002545085573944953
PROT_03226,0.0002544868762319632
PROT_07782,0.00025426379532115037
PROT_02624,0.00025405126235636806
PROT_01158,0.0002538946695178818
PROT_08514,0.0002536406884928341
PROT_02077,0.00025296145024825974
PROT_06034,0.0002528988644306601
PROT_01361,0.00025265466608532296
PROT_05334,0.0002525365413307619
PROT_06684,0.0002523584259409865
PROT_02947,0.0002516612505992995
PROT_06442,0.0002516196093436033
PROT_05487,0.0002511779393068858
PROT_06539,0.0002507380770690265
PROT_06830,0.000250667252433464
PROT_02789,0.0002506302942703145
PROT_07411,0.00025012368041725915
PROT_03944,0.00025010253318255343
PROT_02294,0.0002499961281412682
PROT_06664,0.0002499264707962709
PROT_00615,0.00024988214534639246
PROT_07293,0.0002498062463096564
PROT_05860,0.00024979273616135733
PROT_06119,0.00024964090361143825
PROT_07034,0.0002494459599882784
PROT_04338,0.0002493781229524751
PROT_08150,0.00024836089557337944
PROT_06922,0.0002483530743022788
PROT_08499,0.0002480615597809019
PROT_06235,0.00024782258007633926
PROT_04522,0.0002477513783968551
PROT_08532,0.00024735288820707674
PROT_08009,0.0002471927248063131
PROT_01048,0.00024719242200996704
PROT_00509,0.0002469314999434816
PROT_04400,0.00024671618163136567
PROT_08690,0.00024659106296144796
PROT_05133,0.0002464131247261798
PROT_05717,0.0002462622768473219
PROT_02156,0.0002461934393823362
PROT_04621,0.0002459761808420787
PROT_02565,0.00024566093960792974
PROT_04518,0.00024525084304618166
PROT_03072,0.00024516446435008884
PROT_07333,0.00024494236960941355
PROT_04708,0.00024450156808060046
PROT_07644,0.00024449797081755014
PROT_02748,0.000244471421322441
PROT_02992,0.00024441608668784615
PROT_08493,0.00024440994429729884
PROT_07907,0.0002440979889631556
PROT_01948,0.00024388227934547837
PROT_01855,0.00024317188367091753
PROT_04839,0.00024299723717841125
PROT_03698,0.0002428574291074034
PROT_07522,0.00024262450292025987
PROT_05976,0.00024249254556883191
PROT_08112,0.00024215396657830028
PROT_08349,0.0002418189101972978
PROT_08189,0.0002417231197870839
PROT_08495,0.0002414129506500897
PROT_05363,0.0002409705921063559
PROT_06870,0.00024092266808125115
PROT_06573,0.0002409043186270973
PROT_04295,0.0002408369319550934
PROT_00098,0.00024047214189356448
PROT_02776,0.00024030741256038165
PROT_01964,0.000240243029882132
PROT_08505,0.0002400164599867278
PROT_03441,0.00023993527125171804
PROT_00100,0.00023969306948226317
PROT_06749,0.00023958208793840917
PROT_02655,0.00023949159923395547
PROT_04247,0.00023927421905182178
PROT_07984,0.00023817283097282474
PROT_02753,0.00023813579621182913
PROT_00124,0.0002379981949395347
PROT_04335,0.0002379256436971007
PROT_00269,0.00023787076652313327
PROT_05169,0.00023785063194432928
PROT_05060,0.0002377810832832752
PROT_00760,0.0002376103940767515
PROT_04138,0.00023720747178363418
PROT_02592,0.0002370150663756175
PROT_06631,0.00023701181856231133
PROT_00136,0.0002367343598491957
PROT_05728,0.00023641767531530685
PROT_01790,0.00023626692450832645
PROT_01670,0.00023624643944971277
PROT_05193,0.00023620914160820818
PROT_05391,0.00023601325547485536
PROT_04774,0.00023556748253141923
PROT_02510,0.00023516189006290837
PROT_08516,0.0002349535921631562
PROT_00078,0.00023464569508883324
PROT_05654,0.0002345328184775347
PROT_06153,0.00023445085699342778
PROT_07043,0.00023404057128789118
PROT_02625,0.00023403263012117102
PROT_03801,0.00023348864618320887
PROT_02662,0.00023296640943062995
PROT_05680,0.000232792705436586
PROT_06688,0.00023252828151423276
PROT_00946,0.00023227883723887763
PROT_03170,0.00023227586198406355
PROT_07449,0.0002319825060759582
PROT_08719,0.00023167664070623882
PROT_00699,0.00023145843953805516
PROT_02231,0.00023112579493280775
PROT_07302,0.00023080358338402145
PROT_02110,0.0002302246737010409
PROT_08559,0.0002302131076052532
PROT_03617,0.00023015498223425917
PROT_02876,0.00023005168666275297
PROT_07510,0.00022952036823917652
PROT_02335,0.00022879845316214138
PROT_07863,0.0002285473626947605
PROT_04543,0.00022830362588480442
PROT_01973,0.00022828524911072822
PROT_05317,0.00022813725713266203
PROT_07087,0.00022747864847774292
PROT_00077,0.00022747419095489588
PROT_01592,0.00022744771910635845
PROT_03415,0.0002273664325638505
PROT_05105,0.00022735938230306987
PROT_02610,0.00022735884061301457
PROT_04149,0.0002272829590592516
PROT_00583,0.00022720651823478297
PROT_04158,0.00022715828755516402
PROT_06820,0.00022706235322229087
PROT_04203,0.00022660705128185507
PROT_04607,0.00022632612798597406
PROT_06472,0.00022620927006758795
PROT_08248,0.00022618318775537226
PROT_04119,0.00022602510372494536
PROT_03243,0.00022596616217517766
PROT_03201,0.00022539802152487956
PROT_07754,0.0002253919243106795
PROT_05434,0.00022530417934353905
PROT_00122,0.00022523803642411896
PROT_07787,0.0002249392576334335
PROT_08332,0.00022468600467385872
PROT_02430,0.0002246306958541732
PROT_00461,0.0002245913083411075
PROT_00882,0.00022446020612522372
PROT_03829,0.00022439835851709264
PROT_08790,0.00022430880107520508
PROT_03227,0.0002238679635398576
PROT_01421,0.0002238545295852779
PROT_00626,0.00022372372076948297
PROT_03693,0.00022344014576118176
PROT_06732,0.00022287174637530913
PROT_02765,0.0002226762416144624
PROT_05301,0.00022265212005325902
PROT_05553,0.00022211657541745347
PROT_02746,0.00022208242800873966
PROT_00028,0.00022169455829036954
PROT_04154,0.00022164397125051707
PROT_00964,0.00022158905009908423
PROT_01877,0.0002215692002709052
PROT_05882,0.00022133684327280023
PROT_00713,0.00022088895083123065
PROT_07820,0.00022071016181173745
PROT_02808,0.00022054913667247136
PROT_04075,0.00022004618945809754
PROT_01621,0.00021983403798483454
PROT_08128,0.00021979947153741796
PROT_01901,0.00021972160851120993
PROT_01740,0.00021967179648543482
PROT_04674,0.00021960384413342388
PROT_02028,0.00021950438504693979
PROT_06842,0.00021946415776857256
PROT_08566,0.00021939025505527564
PROT_02370,0.00021910790705691982
PROT_05185,0.0002190744425777503
PROT_00811,0.00021876792989432962
PROT_06091,0.00021846717725783633
PROT_04172,0.00021791430997668726
PROT_01979,0.00021747338958725946
PROT_08129,0.00021740498761053736
PROT_02078,0.00021661258287291072
PROT_01354,0.00021645731588919848
PROT_06320,0.00021630229920613828
PROT_06785,0.00021621775805234975
PROT_06628,0.00021526144336301873
PROT_00266,0.0002151683668896039
PROT_08116,0.00021491134439876686
PROT_00973,0.00021489824844116642
PROT_01957,0.0002143935719580068
PROT_03197,0.00021389723253602703
PROT_00858,0.00021384167705964963
PROT_00087,0.00021294873451230698
PROT_08646,0.00021274597171089648
PROT_08776,0.00021271820032687432
PROT_02472,0.00021264282543653933
PROT_02502,0.00021251696209517436
PROT_05598,0.00021217732376769278
PROT_06838,0.00021193940175390683
PROT_05622,0.00021162623072272407
PROT_00304,0.00021160088514863258
PROT_03176,0.0002106891149321638
PROT_06669,0.0002104824537867503
PROT_00339,0.0002103383313612183
PROT_06727,0.00020981387557689229
PROT_07521,0.00020980153696880028
PROT_07095,0.00020969106314618202
PROT_03669,0.00020909178561328355
PROT_03877,0.00020903227596037087
PROT_06999,0.00020902271078637448
PROT_00511,0.0002087863278403367
PROT_02807,0.00020878149310559618
PROT_05302,0.0002086433875914035
PROT_06667,0.00020854813772226574
PROT_06710,0.00020834528335195946
PROT_02198,0.00020821071093356512
PROT_07056,0.00020776878077589873
PROT_01032,0.00020760700695878658
PROT_08329,0.00020756512933855746
PROT_03190,0.0002074648678807623
PROT_05885,0.00020640343492867795
PROT_04272,0.00020629587367966329
PROT_05866,0.00020614826689409918
PROT_02545,0.0002061004361007955
PROT_02712,0.000205950561852361
PROT_01348,0.00020483232258680908
PROT_01798,0.00020478992872126198
PROT_08653,0.00020471862336690294
PROT_04960,0.0002046872736269402
PROT_06819,0.0002046206408769856
PROT_02519,0.00020454178510483784
PROT_08393,0.00020414305534712397
PROT_06422,0.00020408003508368
PROT_05801,0.00020382932867170773
PROT_03151,0.00020348428419771384
PROT_00362,0.00020340136153103593
PROT_06589,0.00020337120792555204
PROT_04017,0.00020331220827863084
PROT_07199,0.00020325018612054588
PROT_07513,0.00020324709380454146
PROT_02901,0.000202490433097992
PROT_00518,0.00020247252192533117
PROT_05253,0.00020217322752535488
PROT_01681,0.0002020808196449996
PROT_03945,0.00020206185268097969
PROT_02268,0.00020109203752704602
PROT_07930,0.00020102056079479122
PROT_08591,0.00020080598177211787
PROT_06900,0.00020076781368134444
PROT_03152,0.00020073762271487073
PROT_05148,0.00020067375305335427
PROT_05838,0.0002004921366139588
PROT_07824,0.0002001754387295624
PROT_02674,0.00020013912565583657
PROT_05039,0.00020010894987525753
PROT_05230,0.00019992037080428324
PROT_07143,0.00019960832916558223
PROT_03082,0.00019959340687354454
PROT_06537,0.0001994426771248739
PROT_06366,0.00019935335470882095
PROT_07817,0.00019905906957046887
PROT_05667,0.00019887691896232666
PROT_00085,0.00019862312287546974
PROT_03690,0.0001985338587628421
PROT_00657,0.00019837970450631412
PROT_06702,0.00019837168557539612
PROT_08741,0.00019813225667030134
PROT_01147,0.00019759347879357066
PROT_02469,0.00019721544802711277
PROT_01153,0.0001968797343896178
PROT_06310,0.00019675819631168384
PROT_07458,0.0001967520474231233
PROT_01328,0.00019641295872258223
PROT_00306,0.00019613509626528335
PROT_06434,0.00019608637430715723
PROT_06165,0.00019596659014026763
PROT_08098,0.0001957456303333325
PROT_06952,0.00019569945635141575
PROT_01764,0.0001953324148615654
PROT_07621,0.00019530544422482048
PROT_00870,0.0001946844300502393
PROT_07721,0.0001944896030107486
PROT_04351,0.00019426533234313465
PROT_02368,0.00019400511146198076
PROT_02021,0.00019395394965522362
PROT_06645,0.00019392848711393264
PROT_06814,0.00019279913441592577
PROT_06347,0.00019272795480546474
PROT_04380,0.00019253513414076477
PROT_03619,0.00019248452103771602
PROT_08579,0.00019225900010435277
PROT_07993,0.0001914847890555405
PROT_02339,0.00019128692279489346
PROT_06920,0.00019090685993738266
PROT_04809,0.00019082939919618874
PROT_01628,0.00019044837132312087
PROT_08182,0.00019023408577791245
PROT_00328,0.0001900155417289121
PROT_07885,0.00019001153774926346
PROT_03503,0.00018982959499955676
PROT_00209,0.00018982397913688655
PROT_08131,0.00018918787512627562
PROT_05520,0.00018909183651334225
PROT_06061,0.0001886597676407896
PROT_06143,0.00018860331560227196
PROT_04885,0.00018839305802293517
PROT_08207,0.00018789548616131343
PROT_02952,0.00018784647735948671
PROT_03402,0.0001875262908280384
PROT_02357,0.0001866524329633979
PROT_02076,0.00018660422957727824
PROT_05665,0.00018648845935211736
PROT_01351,0.00018632990717503062
PROT_03181,0.00018623711040856807
PROT_08431,0.00018621484784503284
PROT_06126,0.00018613116533766118
PROT_03093,0.00018586940668779896
PROT_00842,0.00018555178731937248
PROT_03504,0.00018551666986339917
PROT_04889,0.00018547311409230672
PROT_05510,0.00018520329067707876
PROT_08419,0.00018511160089071236
PROT_07029,0.000185066794666267
PROT_08816,0.0001850366321545029
PROT_01466,0.0001849769778687451
PROT_03172,0.0001846196145227321
PROT_07731,0.00018324441394199434
PROT_01428,0.00018322805217476436
PROT_04453,0.0001831720474715293
PROT_06364,0.00018270124997557478
PROT_08606,0.00018244216001744252
PROT_05792,0.00018228465194066235
PROT_05765,0.0001822556907803661
PROT_05002,0.00018191298378654683
PROT_03460,0.00018176274637889068
PROT_08416,0.00018167568010920188
PROT_05204,0.00018137498650937778
PROT_03846,0.0001811738819107745
PROT_04793,0.0001805359350048794
PROT_06970,0.00018046374794671534
PROT_01693,0.00018040740639544661
PROT_04155,0.00018030448523694286
PROT_07055,0.00017975669870385407
PROT_06326,0.0001797016441816166
PROT_03080,0.00017961669928619677
PROT_07381,0.00017948387520159187
PROT_01400,0.00017919834169080698
PROT_08723,0.0001791038315930542
PROT_00803,0.00017884512329632447
PROT_04293,0.0001788182253710771
PROT_06893,0.00017874771778569174
PROT_02057,0.00017819340687100043
PROT_03550,0.00017817289286983621
PROT_06915,0.00017786959673854087
PROT_03730,0.00017773779534520535
PROT_04738,0.0001775796589334879
PROT_06919,0.0001774611625831971
PROT_00690,0.00017743948420748476
PROT_02524,0.00017710481548407342
PROT_04146,0.00017696334980336895
PROT_05421,0.00017686042565396082
PROT_03158,0.00017666812556749347
PROT_00106,0.00017655730612555292
PROT_04197,0.0001763889954510577
PROT_07314,0.00017610288506625165
PROT_06462,0.0001760850931544346
PROT_06032,0.00017556004993016157
PROT_03029,0.00017542732442451966
PROT_01879,0.00017534238290618982
PROT_01116,0.0001752638014306127
PROT_04821,0.00017448206478970157
PROT_05083,0.000174288262701214
PROT_07703,0.00017427224027510317
PROT_05973,0.00017419621545756298
PROT_01893,0.00017404284300034147
PROT_00135,0.00017343280063430303
PROT_01897,0.00017330047163444744
PROT_06250,0.00017322150509182087
PROT_05664,0.00017306564912296789
PROT_03048,0.0001717899771384796
PROT_01988,0.00017175301060430576
PROT_06719,0.00017173537717256817
PROT_01522,0.00017136533841168107
PROT_03042,0.0001711578551124809
PROT_04643,0.00017047369932749192
PROT_07245,0.00016976930200901695
PROT_07610,0.00016975634877101716
PROT_03675,0.0001696393141562616
PROT_02243,0.0001690810719968239
PROT_00624,0.00016899920593818905
PROT_02425,0.00016892861006676405
PROT_01062,0.00016824080689691252
PROT_00402,0.00016783903627047006
PROT_04450,0.00016767186632857562
PROT_02951,0.0001669777642234505
PROT_04489,0.00016618883682861514
PROT_03496,0.00016599233868695796
PROT_08157,0.0001654926849167285
PROT_07507,0.0001651754456126362
PROT_04472,0.00016510149864318993
PROT_07207,0.0001647042917626886
PROT_08379,0.000164429946003592
PROT_00142,0.0001642527951402696
PROT_03845,0.0001641913601030428
PROT_03061,0.00016373193644437936
PROT_04638,0.00016319331026820588
PROT_03066,0.0001631710995626253
PROT_03178,0.00016212713739088906
PROT_02785,0.00016203610970101534
PROT_03904,0.0001620186413190749
PROT_07361,0.00016164901948408002
PROT_06167,0.00016079146018466875
PROT_06409,0.00016077803947508025
PROT_06226,0.00016071552719188652
PROT_07285,0.00016059344850295136
PROT_05078,0.00016051800649591512
PROT_07488,0.0001597370817978822
PROT_04540,0.00015960216633915266
PROT_00694,0.00015950565220414022
PROT_08541,0.00015946702990055143
PROT_08301,0.000159290345158744
PROT_00688,0.00015898640503346834
PROT_08450,0.00015898225260323128
PROT_05650,0.00015867642384010568
PROT_03311,0.00015867225703680718
PROT_00796,0.0001569431185356005
PROT_06903,0.00015657631525589546
PROT_03643,0.00015621767069519472
PROT_03453,0.00015615110430861685
PROT_02895,0.00015561903472341616
PROT_00709,0.00015552065497679044
PROT_04371,0.00015525574893968574
PROT_05326,0.00015401705814478258
PROT_06924,0.000153787231857225
PROT_01733,0.00015350380407242232
PROT_03015,0.00015229423275478084
PROT_07909,0.0001520756024256652
PROT_01600,0.0001519062785384165
PROT_04714,0.0001518765573445298
PROT_06847,0.00015174957608609407
PROT_00908,0.00015172116885051525
PROT_06766,0.00015130752290876224
PROT_00890,0.00015116189256220505
PROT_02170,0.00015116029250920705
PROT_05562,0.00015111536190206155
PROT_01907,0.00015091631097368315
PROT_03924,0.0001508566770911122
PROT_06123,0.00015079468918885257
PROT_00445,0.0001503171395722613
PROT_07428,0.00014981620596261593
PROT_02399,0.0001497038040378332
PROT_07443,0.00014969373632235924
PROT_06798,0.00014957175618422207
PROT_03592,0.00014946046587375862
PROT_08083,0.00014918628409371423
PROT_07842,0.00014894141054421184
PROT_02940,0.00014807390218233562
PROT_06734,0.00014807341152293677
PROT_04070,0.0001479226237219917
PROT_05690,0.0001476009661760163
PROT_00079,0.0001474460582875344
PROT_00943,0.00014716732261830964
PROT_01350,0.00014709084826910825
PROT_01263,0.0001467497969513007
PROT_07166,0.00014671320838744104
PROT_07544,0.0001466395212659728
PROT_00569,0.00014658742683080608
PROT_02281,0.0001464192131042894
PROT_06306,0.00014638963976644454
PROT_04713,0.00014635451447860253
PROT_05333,0.00014606229918447857
PROT_04460,0.00014556513343743504
PROT_07173,0.00014552334776930096
PROT_07849,0.00014529269086116915
PROT_02909,0.00014506781409006912
PROT_06777,0.00014489259220500187
PROT_08351,0.0001447272157183384
PROT_08212,0.00014437538718509288
PROT_02169,0.00014415148253573638
PROT_05042,0.00014406291524808116
PROT_01933,0.00014331658284169707
PROT_00297,0.0001428417612645767
PROT_04886,0.0001423129414521823
PROT_07638,0.00014209937327751138
PROT_03841,0.00014157471590763132
PROT_05952,0.00014136294232415438
PROT_05108,0.00014133746448807716
PROT_08563,0.00014131992101342286
PROT_05759,0.00014113305878590935
PROT_02668,0.00014113129074264495
PROT_03055,0.00014071620910322607
PROT_01102,0.00014067849164900472
PROT_06269,0.0001406303385521752
PROT_00840,0.00014030251725865507
PROT_05795,0.00013944924570397403
PROT_02490,0.0001392773201801545
PROT_04514,0.00013923065850165726
PROT_02641,0.00013913413322328406
PROT_00843,0.00013894645520020666
PROT_04778,0.000138340452762229
PROT_08484,0.0001381875132806637
PROT_02557,0.0001381853548510132
PROT_07742,0.00013810897375603936
PROT_00730,0.0001380554405724393
PROT_03265,0.0001376879562153753
PROT_05843,0.00013685962287253445
PROT_07371,0.0001365615070314804
PROT_06783,0.0001360881144453694
PROT_05618,0.00013550348966132788
PROT_02814,0.00013544054951148706
PROT_02729,0.00013486059837288338
PROT_05197,0.00013428320711059575
PROT_03583,0.00013399000805026652
PROT_00705,0.00013396769261826897
PROT_06844,0.00013394402641872668
PROT_00580,0.00013394038365942417
PROT_01971,0.00013376530916508063
PROT_00865,0.00013339766300851804
PROT_07503,0.00013315829253828613
PROT_05103,0.00013308148160544206
PROT_00038,0.00013255104250615367
PROT_04419,0.00013239901746083318
PROT_02491,0.00013173096092082461
PROT_01077,0.00013166630400540474
PROT_00965,0.00013163884440402574
PROT_02779,0.0001314851028260451
PROT_02925,0.00013138140743578107
PROT_01196,0.00013133861230552052
PROT_00476,0.00013123776576577463
PROT_03349,0.00013085148875253437
PROT_07524,0.00013068075961906753
PROT_08689,0.00013058106161766076
PROT_00712,0.0001305184724398554
PROT_02131,0.0001303694674424486
PROT_04795,0.00013023681298241402
PROT_05767,0.0001300066012102891
PROT_05222,0.00012972986979729382
PROT_04973,0.0001297297196012208
PROT_02517,0.00012957455474996393
PROT_02107,0.0001290803577996796
PROT_04931,0.00012890600965178217
PROT_06503,0.00012875831277082796
PROT_06327,0.0001283899527148398
PROT_04165,0.00012833562084096296
PROT_05075,0.0001281096391085627
PROT_03914,0.000127951052942038
PROT_00437,0.00012782547470279937
PROT_08649,0.00012777698075779517
PROT_04546,0.00012774759717778777
PROT_08660,0.00012763384141098233
PROT_00343,0.00012733130309556086
PROT_04258,0.0001263687759433518
PROT_05195,0.00012632133678641287
PROT_06808,0.00012613190585254649
PROT_05905,0.00012550888300234963
PROT_00190,0.0001254053756939482
PROT_00234,0.00012510032786244518
PROT_05335,0.00012492542333694987
PROT_00108,0.00012459453185998878
PROT_00526,0.00012410909917388724
PROT_06600,0.00012376332506970524
PROT_07030,0.00012361890006358116
PROT_03168,0.00012330318681081436
PROT_02310,0.00012321893478694533
PROT_06897,0.00012261950758041897
PROT_04880,0.00012227112212505293
PROT_04856,0.0001209838385332551
PROT_07022,0.00012079874063961795
PROT_02656,0.00012076810897543063
PROT_00597,0.00012072732087093819
PROT_00092,0.0001203692854517723
PROT_01365,0.00011972019625644903
PROT_04407,0.00011970520112565604
PROT_07841,0.0001196574041851031
PROT_03343,0.00011932546310087927
PROT_06720,0.00011923068843011968
PROT_00237,0.0001189260684727863
PROT_06902,0.00011826218577355234
PROT_06309,0.0001177429121624652
PROT_01240,0.00011757835622235324
PROT_01002,0.00011742493810237838
PROT_01329,0.00011706346571697342
PROT_01995,0.00011693407860895243
PROT_06388,0.00011620011464653057
PROT_07106,0.0001161079989198661
PROT_02697,0.00011573482456140284
PROT_03923,0.00011556853226963827
PROT_02204,0.00011522571475973166
PROT_07477,0.00011509667269703064
PROT_04198,0.00011504248789321048
PROT_06622,0.00011489982758172354
PROT_05888,0.00011444527075423294
PROT_05250,0.00011397336728686135
PROT_01930,0.00011363784319542435
PROT_03947,0.0001135226660509505
PROT_00844,0.00011351118811657702
PROT_03627,0.00011336947981172676
PROT_02325,0.000113150723506298
PROT_01884,0.00011216277981069921
PROT_05849,0.00011168786674076056
PROT_08580,0.00011071608457382078
PROT_03407,0.00011006922618804066
PROT_07741,0.00011004929930041693
PROT_03931,0.00011004500729634844
PROT_02805,0.00010996178088076386
PROT_06979,0.00010976203717474086
PROT_03671,0.00010879133590396784
PROT_00652,0.00010871260722547807
PROT_01467,0.00010842204630856873
PROT_02418,0.00010814907781508452
PROT_03995,0.00010778355824902788
PROT_03543,0.00010765471749148342
PROT_00933,0.00010712601270702844
PROT_07765,0.00010612046203166332
PROT_01167,0.00010558804826907
PROT_04282,0.00010555964115802623
PROT_00125,0.00010548565874216861
PROT_00074,0.00010528411213916987
PROT_08401,0.0001050795829246456
PROT_01856,0.00010496387032018504
PROT_07092,0.00010447045914043873
PROT_01388,0.00010442415568027541
PROT_04724,0.00010401831208028257
PROT_02269,0.00010391822544659328
PROT_03143,0.00010349865920451245
PROT_01073,0.00010287163608887137
PROT_08021,0.0001026367440353629
PROT_02432,0.00010211017910876349
PROT_04238,0.00010177336723129434
PROT_08365,0.00010140333004175347
PROT_03342,0.00010131737274178311
PROT_06122,0.00010108960520021806
PROT_04971,0.00010085196842737712
PROT_03725,0.00010041810511655449
PROT_03879,0.0001002140190637796
PROT_02845,9.937128812927555e-05
PROT_01020,9.918720512785876e-05
PROT_03438,9.826997078045352e-05
PROT_06536,9.819785434911692e-05
PROT_01836,9.771543616874723e-05
PROT_00342,9.754110730653893e-05
PROT_07962,9.737109906338618e-05
PROT_02667,9.73342351268661e-05
PROT_04348,9.719967063355965e-05
PROT_04242,9.679056865056389e-05
PROT_07416,9.661639644893131e-05
PROT_02293,9.650984490079578e-05
PROT_02642,9.610897384522536e-05
PROT_01251,9.605000300428114e-05
PROT_01260,9.599916300536329e-05
PROT_05272,9.595201466788322e-05
PROT_04098,9.582592054957018e-05
PROT_07067,9.551034596868878e-05
PROT_02373,9.438339398470943e-05
PROT_01107,9.413454324594912e-05
PROT_07954,9.344662658456624e-05
PROT_03874,9.330332565011889e-05
PROT_00325,9.266623642487735e-05
PROT_04791,9.116866566969559e-05
PROT_03979,9.09399745285239e-05
PROT_06039,9.06639386587476e-05
PROT_03769,9.043875173136515e-05
PROT_02798,9.043188754499247e-05
PROT_06013,8.855469362741572e-05
PROT_03099,8.844419156583463e-05
PROT_08739,8.814941558155223e-05
PROT_01746,8.765763575314484e-05
PROT_05275,8.561838819765656e-05
PROT_07098,8.527380251382522e-05
PROT_07235,8.519799791004479e-05
PROT_01013,8.514774631290575e-05
PROT_07794,8.501772511825681e-05
PROT_01162,8.406365942057322e-05
PROT_06836,8.393952157470542e-05
PROT_07359,8.324187942495164e-05
PROT_02056,8.320197269499485e-05
PROT_06412,8.238692816085447e-05
PROT_05294,8.233843359736173e-05
PROT_04989,8.211307825166823e-05
PROT_03369,8.176694408171267e-05
PROT_04680,8.173366874840493e-05
PROT_01007,8.155686070318669e-05
PROT_01705,8.143544499813916e-05
PROT_05571,8.130263393657046e-05
PROT_04913,8.078633337047642e-05
PROT_00107,8.061773651063731e-05
PROT_07752,7.810060374236281e-05
PROT_07732,7.804562332865393e-05
PROT_06670,7.781614695827242e-05
PROT_08143,7.745933701404064e-05
PROT_04183,7.744274611021622e-05
PROT_03968,7.708096391921258e-05
PROT_07247,7.647528773991649e-05
PROT_01847,7.59149238552285e-05
PROT_03631,7.574242911740048e-05
PROT_06878,7.566203770833879e-05
PROT_04337,7.510013351134846e-05
PROT_02025,7.495861083928249e-05
PROT_05322,7.35203115370062e-05
PROT_04523,7.322892615994859e-05
PROT_05778,7.319565582817011e-05
PROT_01224,7.284376208525613e-05
PROT_08523,7.256331733431249e-05
PROT_07636,7.234008180877528e-05
PROT_00780,7.225262274555145e-05
PROT_01829,7.035004396509372e-05
PROT_07256,6.864449554147271e-05
PROT_07649,6.847693371244768e-05
PROT_05055,6.84147253683553e-05
PROT_08429,6.774971363254882e-05
PROT_07131,6.713113677008494e-05
PROT_00602,6.704533174455506e-05
PROT_04611,6.624834232589328e-05
PROT_08084,6.624654447410015e-05
PROT_03100,6.61892684497308e-05
PROT_08013,6.577673339897331e-05
PROT_01385,6.560863625914545e-05
PROT_01099,6.559197513311009e-05
PROT_01568,6.549798217689284e-05
PROT_02740,6.536096425950702e-05
PROT_06605,6.514730681745429e-05
PROT_08642,6.510294585959409e-05
PROT_03852,6.491030272544081e-05
PROT_04440,6.466012271886742e-05
PROT_04512,6.426226098838677e-05
PROT_08796,6.38305164173979e-05
PROT_00723,6.32907901191775e-05
PROT_05157,6.323154145986428e-05
PROT_02529,6.312004896758063e-05
PROT_07916,6.291411838156066e-05
PROT_00227,6.26318365307864e-05
PROT_07810,6.252244259975095e-05
PROT_05738,6.166907826680487e-05
PROT_06168,6.102307564301896e-05
PROT_08335,5.960166962520899e-05
PROT_01915,5.940501536682008e-05
PROT_07006,5.852581972494463e-05
PROT_07819,5.8201177052507164e-05
PROT_04887,5.819420056374073e-05
PROT_07683,5.768582618971025e-05
PROT_04480,5.732249204956021e-05
PROT_07748,5.692916668648219e-05
PROT_02429,5.5587219484702584e-05
PROT_01903,5.5352553013607436e-05
PROT_03571,5.388058629620556e-05
PROT_07140,5.3659661435715724e-05
PROT_01946,5.297930375046708e-05
PROT_02713,5.262074116439306e-05
PROT_02444,5.240752530647031e-05
PROT_01426,5.204745932966593e-05
PROT_03242,5.117660123908787e-05
PROT_00812,5.0854937550308e-05
PROT_03009,5.025195773252e-05
PROT_07219,4.893880376361884e-05
PROT_05884,4.866457561068338e-05
PROT_03809,4.8076020206952246e-05
PROT_04368,4.732657301679028e-05
PROT_00308,4.6606148912843395e-05
PROT_05998,4.583917750448296e-05
PROT_07365,4.530887593740021e-05
PROT_05928,4.522471027919977e-05
PROT_08421,4.511330757131483e-05
PROT_07209,4.47590725838772e-05
PROT_01231,4.4162106091087075e-05
PROT_03749,4.298355390237232e-05
PROT_01590,4.2223026866564385e-05
PROT_04726,4.1797815738187895e-05
PROT_08589,4.124905708025487e-05
PROT_03519,4.0691436518974776e-05
PROT_01391,4.0041582839203914e-05
PROT_02819,3.7901519219228696e-05
PROT_02516,3.759394013642873e-05
PROT_04049,3.733914213523198e-05
PROT_06986,3.6567136479599687e-05
PROT_08221,3.5285373178215636e-05
PROT_04384,3.5257182996156854e-05
PROT_05053,3.448552590530119e-05
PROT_08472,3.416123497980347e-05
PROT_00936,3.316450194741155e-05
PROT_04725,3.239595050618673e-05
PROT_06968,3.227722550349109e-05
PROT_00716,3.175109899354191e-05
PROT_01679,2.7682956181336773e-05
PROT_08089,2.7524504865201846e-05
PROT_00114,2.6536963782245656e-05
PROT_04846,2.5031368910959426e-05
PROT_03706,2.4428988207736226e-05
PROT_03782,2.431000363981418e-05
PROT_02733,2.393738343997197e-05
PROT_08747,2.167117563390373e-05
PROT_07580,1.9389208242205787e-05
PROT_01676,1.578046365736502e-05
PROT_07134,1.4415859058366963e-05
PROT_03593,1.403345853719388e-05
PROT_02237,1.3957282257333609e-05
PROT_03025,1.383488225246249e-05
PROT_01896,1.2915289196456968e-05
PROT_00385,1.2729846280243385e-05
PROT_06588,1.2685551981369795e-05
PROT_08275,1.2289295876990008e-05
PROT_05073,1.2174654109380571e-05
PROT_08577,1.2155173817176787e-05
PROT_00475,1.1991761707673807e-05
PROT_04040,1.189809630459128e-05
PROT_04737,1.171843767108191e-05
PROT_01521,9.241556971310746e-06
PROT_06896,9.103322712790168e-06
PROT_04970,5.993940500774998e-06
PROT_07953,0.0
PROT_01602,0.0
PROT_04876,0.0
PROT_06839,0.0
PROT_08102,0.0
PROT_02893,0.0
PROT_03088,0.0
PROT_01599,0.0
